{"cameraMode":{"drawMode":0,"name":"Shaded","section":"Shading Mode"},"sceneLighting":true,"audioPlay":false,"sceneViewState":{"showFog":true,"showMaterialUpdate":false,"showSkybox":true,"showFlares":true,"showImageEffects":true,"showParticleSystems":true},"in2DMode":false,"pivot":{"x":-4.640575885772705,"y":1.1550428867340088,"z":-8.936774253845215},"rotation":{"x":0.051102351397275928,"y":-0.8983207941055298,"z":0.10859855264425278,"w":0.4226799011230469},"size":0.1427512764930725,"orthographic":false}